,topic
0,A conversation between two AI assistants
1,The journey of a single snowflake
2,The life of a forgotten bookmark
3,A day in the life of a streetlamp
4,The secret dreams of a traffic cone
5,An elevator's thoughts during rush hour
6,The silent battles of a houseplant
7,The adventures of a dropped coin
8,The inner monologue of a scarecrow
9,A song of the lost sock in a laundry
10,The world through the eyes of a dust particle
11,The lament of an outdated technology
12,A symphony of city sounds at dawn
13,The journey of a handwritten letter
14,The life cycle of a bubble in a glass of soda
15,The untold stories of a park bench
16,The silent protest of a neglected garden gnome
17,A day in the life of a bookshelf
18,The inner world of a forgotten password
19,The adventures of a loose thread
20,The chronicles of a timeworn suitcase
21,The hidden life of a light switch
22,The secret language of barcodes
23,The dreams of a recycling bin
24,The tale of a stray button
25,The reflections of a mirror in an antique shop
26,The silent songs of a conch shell
27,A piece of lint's existential journey
28,The thoughts of a post-it note on a fridge
29,The saga of a single grain of sand
30,The musings of a grocery list
31,The untold history of a subway token
32,The diary of a forgotten umbrella
33,The echo of a lost voice mail
34,A journey through the eyes of a keychain
35,The hidden symphony of a typewriter
36,The adventures of a paperclip on a desk
37,The secret life of a rubber band
38,The thoughts of a crack in the sidewalk
39,A day in the life of a weather vane
40,The inner musings of a doorknob
41,The reflections of a puddle in the rain
42,The travels of a lost luggage tag
43,The silent wishes of a wind chime
44,The life story of a single dandelion seed
45,The adventures of a helium balloon
46,The secret diary of a bicycle bell
47,The life cycle of a garden hose
48,The musings of a playground swing
49,The journey of a water droplet
50,The secret life of a paintbrush
51,The reflections of a puddle after the rain
52,The inner world of a snow globe
53,The adventures of a reusable shopping bag
54,The dreams of a postage stamp
55,The musings of a light bulb
56,The saga of a forgotten recipe
57,The reflections of a windshield wiper
58,The life of a single leaf in autumn
59,The thoughts of a paper airplane
60,The inner life of a clock's second hand
61,The silent journey of a whisper
62,The dreams of a garden statue
63,The musings of a piece of chalk
64,The adventures of a bookmark in a library
65,The secret life of a remote control
66,The reflections of a coffee stain
67,The tale of a forgotten key
68,The journey of a paper napkin
69,The inner world of a vending machine
70,The thoughts of a hairpin
71,The adventures of a park fountain
72,The secret dreams of a coat hanger
73,The life of a single raindrop
74,The musings of a sandcastle
75,The reflections of a spoon in a drawer
76,The silent protest of a cracked teacup
77,The adventures of a park squirrel
78,The thoughts of a street musician's hat
79,The life of a single blade of grass
80,The secret world of a diary lock
81,The journey of a tree ring
82,The musings of a foggy window
83,The reflections of a puddle after a storm
84,The inner world of a carousel horse
85,The thoughts of a cobblestone street
86,The adventures of a forgotten sketchbook
87,The life of a single pencil
88,The musings of a forgotten photograph
89,The reflections of a stained-glass window
90,The inner world of a music box
91,The thoughts of a letter opener
92,The adventures of a park leaf
93,The secret life of a clothesline
94,The life of a single firefly
95,The musings of a broken clock
96,The reflections of a puddle in winter
97,The inner world of a pocket watch
98,The adventures of a message in a bottle
